DATE,CRSPLCV1,CRSPLCVT
20120907,1000.00,1000.00
20120910,995.94,995.99
20120911,1000.08,1000.14
20120912,1001.69,1001.95
20120913,1018.14,1018.65
20120914,1021.02,1021.52
20120917,1015.19,1015.78
20120918,1013.94,1014.55
20120919,1014.93,1015.61
20120920,1016.07,1017.01
20120921,1015.72,1016.68
20120924,1015.12,1016.08
20120925,1005.88,1006.83
20120926,1001.03,1002.26
20120927,1007.91,1009.31
20120928,1004.13,1005.53
20121001,1007.49,1008.91
20121002,1008.38,1009.91
20121003,1010.90,1012.77
20121004,1020.17,1022.08
20121005,1020.77,1023.24
20121008,1019.12,1021.59
20121009,1011.42,1013.88
20121010,1003.82,1006.27
20121011,1005.45,1008.20
20121012,1000.48,1003.24
20121015,1008.83,1011.61
20121016,1017.23,1020.04
20121017,1025.24,1028.28
20121018,1026.95,1030.08
20121019,1011.57,1014.65
20121022,1010.12,1013.23
20121023,994.42,997.49
20121024,991.77,994.82
20121025,996.74,999.84
20121026,994.22,997.31
20121031,995.40,998.74
20121101,1005.83,1009.29
20121102,996.79,1000.22
20121105,997.89,1001.38
20121106,1007.05,1010.59
20121107,980.58,985.02
20121108,970.03,974.43
20121109,971.50,975.96
20121112,970.85,975.31
20121113,965.41,970.33
20121114,952.41,957.82
20121115,950.07,955.48
20121116,953.90,959.49
20121119,970.23,976.11
20121120,970.82,976.75
20121121,973.03,978.99
20121123,985.51,991.78
20121126,982.44,988.72
20121127,976.81,983.16
20121128,984.48,991.11
20121129,988.28,995.03
20121130,988.99,995.76
20121203,983.50,990.24
20121204,982.21,988.96
20121205,989.12,996.35
20121206,991.29,998.75
20121207,996.20,1003.81
20121210,997.31,1004.98
20121211,1002.22,1009.93
20121212,1004.16,1012.06
20121213,998.78,1007.04
20121214,996.51,1004.80
20121217,1007.06,1015.47
20121218,1018.32,1026.83
20121219,1010.57,1019.05
20121220,1016.92,1025.84
20121221,1006.69,1015.63
20121224,1003.39,1012.39
20121226,1000.76,1009.81
20121227,998.68,1007.98
20121228,987.58,996.86
20121231,1002.26,1011.70
20130102,1026.72,1036.65
20130103,1025.70,1035.63
20130104,1032.78,1042.77
20130107,1028.62,1038.58
20130108,1024.36,1034.85
20130109,1027.49,1038.02
20130110,1036.65,1047.27
20130111,1035.76,1046.57
20130114,1037.06,1047.89
20130115,1040.17,1051.03
20130116,1038.75,1049.80
20130117,1044.45,1055.57
20130118,1049.43,1060.64
20130122,1055.39,1066.70
20130123,1054.87,1066.20
20130124,1059.68,1071.10
20130125,1065.96,1077.44
20130128,1063.46,1074.96
20130129,1070.85,1082.45
20130130,1066.67,1078.69
20130131,1063.68,1075.75
20130201,1074.10,1086.30
20130204,1063.16,1075.26
20130205,1073.42,1085.68
20130206,1075.25,1087.61
20130207,1071.92,1084.63
20130208,1076.04,1088.80
20130211,1076.55,1089.35
20130212,1080.60,1093.48
20130213,1080.74,1094.37
20130214,1081.94,1095.78
20130215,1080.17,1094.09
20130219,1089.17,1103.48
20130220,1076.64,1090.81
20130221,1070.56,1084.98
20130222,1078.73,1093.51
20130225,1058.16,1072.67
20130226,1064.20,1078.97
20130227,1078.78,1094.04
20130228,1077.75,1093.05
20130301,1080.02,1095.38
20130304,1085.24,1100.69
20130305,1094.40,1109.99
20130306,1096.84,1112.86
20130307,1099.34,1115.52
20130308,1104.63,1121.01
20130311,1108.74,1125.23
20130312,1107.37,1123.86
20130313,1109.04,1126.00
20130314,1115.43,1132.52
20130315,1114.54,1131.61
20130318,1108.37,1125.43
20130319,1106.81,1123.88
20130320,1113.41,1130.59
20130321,1104.82,1121.89
20130322,1111.59,1128.77
20130325,1107.62,1124.73
20130326,1115.68,1133.30
20130327,1114.84,1132.61
20130328,1119.04,1136.89
20130401,1116.40,1134.23
20130402,1120.43,1138.34
20130403,1108.42,1126.43
20130404,1114.45,1132.67
20130405,1111.03,1129.21
20130408,1116.59,1135.43
20130409,1121.64,1140.57
20130410,1133.57,1152.74
20130411,1136.85,1156.19
20130412,1133.12,1152.44
20130415,1108.36,1127.26
20130416,1121.92,1141.05
20130417,1107.61,1126.50
20130418,1103.15,1122.02
20130419,1115.16,1134.28
20130422,1119.18,1138.40
20130423,1131.23,1150.65
20130424,1131.77,1151.43
20130425,1135.84,1155.61
20130426,1134.52,1154.31
20130429,1141.68,1161.62
20130430,1142.30,1162.27
20130501,1129.90,1149.74
20130502,1139.33,1159.44
20130503,1149.79,1170.14
20130506,1151.69,1172.08
20130507,1158.30,1178.87
20130508,1162.65,1184.01
20130509,1156.73,1178.41
20130510,1160.35,1182.12
20130513,1160.48,1182.44
20130514,1174.36,1196.94
20130515,1181.67,1204.89
20130516,1176.92,1200.13
20130517,1189.30,1212.80
20130520,1189.19,1212.73
20130521,1190.89,1214.49
20130522,1182.50,1206.08
20130523,1179.76,1203.57
20130524,1179.34,1203.16
20130528,1187.10,1211.11
20130529,1179.89,1203.93
20130530,1185.21,1209.57
20130531,1167.27,1191.26
20130603,1175.30,1199.48
20130604,1169.34,1193.40
20130605,1153.75,1177.92
20130606,1164.34,1188.94
20130607,1178.96,1203.88
20130610,1179.49,1204.49
20130611,1167.60,1192.36
20130612,1159.93,1184.75
20130613,1176.43,1201.88
20130614,1168.73,1194.02
20130617,1177.53,1203.03
20130618,1185.66,1211.36
20130619,1168.97,1194.33
20130620,1140.75,1165.76
20130621,1145.08,1170.19
20130624,1131.04,1155.85
20130625,1142.41,1167.46
20130626,1153.47,1179.17
20130627,1161.74,1187.82
20130628,1155.61,1181.55
20130701,1160.85,1187.06
20130702,1158.72,1185.26
20130703,1158.04,1184.57
20130705,1170.60,1197.42
20130708,1178.90,1206.49
20130709,1188.29,1216.12
20130710,1187.01,1214.81
20130711,1201.68,1229.99
20130712,1205.29,1233.68
20130715,1208.80,1237.28
20130716,1203.72,1232.08
20130717,1206.99,1235.66
20130718,1215.74,1244.84
20130719,1218.45,1247.63
20130722,1222.03,1251.33
20130723,1222.21,1251.52
20130724,1215.21,1244.37
20130725,1216.93,1246.15
20130726,1217.63,1246.88
20130729,1213.88,1243.08
20130730,1212.86,1242.10
20130731,1213.44,1242.99
20130801,1227.67,1257.72
20130802,1228.57,1258.64
20130805,1225.61,1255.67
20130806,1218.28,1248.20
20130807,1214.48,1244.79
20130808,1220.49,1250.97
20130809,1215.97,1246.73
20130812,1213.90,1244.67
20130813,1215.68,1246.94
20130814,1209.43,1240.79
20130815,1192.16,1223.37
20130816,1187.86,1219.05
20130819,1178.54,1209.59
20130820,1183.01,1214.22
20130821,1174.93,1205.94
20130822,1184.52,1215.79
20130823,1191.33,1223.08
20130826,1184.03,1215.59
20130827,1165.14,1196.20
20130828,1167.92,1199.28
20130829,1169.58,1201.12
20130830,1166.90,1198.39
20130903,1168.80,1200.37
20130904,1176.54,1208.75
20130905,1177.89,1210.16
20130906,1176.71,1209.19
20130909,1187.50,1220.34
20130910,1198.00,1231.15
20130911,1202.72,1236.12
20130912,1197.11,1230.75
20130913,1201.27,1235.04
20130916,1210.25,1244.28
20130917,1214.93,1249.12
20130918,1227.71,1262.27
20130919,1223.61,1258.36
20130920,1213.41,1247.89
20130923,1206.96,1241.26
20130924,1203.46,1237.67
20130925,1201.75,1235.95
20130926,1202.58,1237.20
20130927,1197.22,1231.83
20130930,1189.84,1224.25
20131001,1197.94,1232.72
20131002,1197.58,1232.70
20131003,1188.17,1223.01
20131004,1196.10,1231.18
20131007,1186.22,1221.02
20131008,1174.46,1209.55
20131009,1176.98,1212.22
20131010,1202.39,1238.62
20131011,1209.55,1246.00
20131014,1213.27,1249.83
20131015,1204.24,1240.53
20131016,1221.57,1258.62
20131017,1232.13,1269.59
20131018,1236.51,1274.11
20131021,1235.96,1273.58
20131022,1243.42,1281.27
20131023,1237.21,1274.88
20131024,1238.93,1276.68
20131025,1244.46,1282.38
20131028,1246.65,1284.64
20131029,1253.73,1291.99
20131030,1247.69,1285.89
20131031,1242.07,1280.20
20131101,1246.19,1284.46
20131104,1252.05,1290.51
20131105,1248.87,1287.32
20131106,1257.30,1296.66
20131107,1242.56,1281.89
20131108,1260.04,1299.97
20131111,1260.98,1300.94
20131112,1256.70,1296.59
20131113,1265.55,1306.21
20131114,1271.37,1312.55
20131115,1276.70,1318.06
20131118,1273.43,1314.78
20131119,1271.43,1313.10
20131120,1267.13,1308.69
20131121,1277.16,1319.15
20131122,1283.59,1326.08
20131125,1282.51,1325.00
20131126,1279.35,1321.90
20131127,1281.48,1324.28
20131129,1278.88,1321.61
20131202,1276.50,1319.19
20131203,1271.24,1313.80
20131204,1269.94,1312.94
20131205,1260.45,1303.18
20131206,1276.99,1320.47
20131209,1280.10,1323.76
20131210,1275.51,1319.02
20131211,1259.94,1302.99
20131212,1255.60,1298.78
20131213,1255.27,1298.47
20131216,1262.86,1306.32
20131217,1257.63,1300.93
20131218,1279.86,1323.96
20131219,1278.49,1322.86
20131220,1283.06,1327.59
20131223,1287.25,1332.06
20131224,1292.29,1337.37
20131226,1298.88,1344.20
20131227,1299.22,1344.99
20131230,1298.39,1344.21
20131231,1302.90,1349.03
20140102,1290.81,1336.84
20140103,1293.05,1339.18
20140106,1290.95,1337.00
20140107,1298.01,1344.32
20140108,1296.56,1343.44
20140109,1298.92,1345.88
20140110,1300.92,1347.95
20140113,1286.50,1333.17
20140114,1297.19,1344.26
20140115,1303.93,1351.27
20140116,1300.98,1348.27
20140117,1295.06,1342.17
20140121,1296.48,1343.69
20140122,1296.21,1343.65
20140123,1282.90,1329.85
20140124,1258.15,1304.22
20140127,1254.27,1300.25
20140128,1263.70,1310.02
20140129,1253.08,1299.15
20140130,1263.47,1310.03
20140131,1254.71,1300.95
20140203,1225.75,1270.93
20140204,1231.56,1277.03
20140205,1229.00,1274.97
20140206,1242.95,1289.96
20140207,1257.75,1305.32
20140210,1258.11,1305.74
20140211,1273.00,1321.23
20140212,1272.08,1321.16
20140213,1277.98,1327.51
20140214,1286.22,1336.16
20140218,1285.74,1336.01
20140219,1277.77,1327.76
20140220,1286.53,1337.20
20140221,1284.52,1335.42
20140224,1291.73,1342.92
20140225,1288.68,1339.80
20140226,1289.28,1340.69
20140227,1294.99,1346.82
20140228,1300.00,1352.07
20140303,1290.61,1342.31
20140304,1310.01,1362.51
20140305,1309.27,1362.06
20140306,1312.69,1365.99
20140307,1316.15,1369.74
20140310,1315.50,1369.13
20140311,1307.28,1360.60
20140312,1307.82,1361.44
20140313,1295.01,1348.35
20140314,1292.31,1345.59
20140317,1304.51,1358.32
20140318,1313.22,1367.42
20140319,1306.70,1360.63
20140320,1317.17,1371.55
20140321,1316.85,1371.22
20140324,1313.66,1367.89
20140325,1321.08,1375.65
20140326,1314.64,1368.98
20140327,1312.86,1367.51
20140328,1320.38,1375.44
20140331,1331.83,1387.39
20140401,1336.89,1392.81
20140402,1340.84,1397.28
20140403,1341.80,1398.29
20140404,1329.92,1385.93
20140407,1316.63,1372.08
20140408,1318.96,1375.22
20140409,1330.43,1387.26
20140410,1306.97,1362.80
20140411,1296.45,1351.96
20140414,1305.94,1361.86
20140415,1314.69,1370.98
20140416,1326.81,1383.67
20140417,1329.15,1386.17
20140421,1332.25,1389.45
20140422,1335.74,1393.09
20140423,1335.87,1393.50
20140424,1334.96,1392.60
20140425,1328.12,1385.46
20140428,1333.31,1390.93
20140429,1338.20,1396.07
20140430,1341.70,1399.82
20140501,1338.96,1397.09
20140502,1336.32,1394.35
20140505,1335.58,1393.75
20140506,1324.76,1382.48
20140507,1337.15,1396.29
20140508,1335.36,1394.49
20140509,1335.46,1395.02
20140512,1345.86,1405.95
20140513,1347.79,1408.47
20140514,1341.86,1402.57
20140515,1328.83,1389.31
20140516,1331.04,1391.62
20140519,1334.67,1395.58
20140520,1325.59,1386.14
20140521,1335.89,1397.11
20140522,1337.86,1399.51
20140523,1341.67,1403.51
20140527,1346.93,1409.03
20140528,1347.53,1409.88
20140529,1353.58,1416.38
20140530,1356.88,1419.85
20140602,1358.61,1421.68
20140603,1358.79,1421.87
20140604,1360.57,1424.09
20140605,1368.89,1432.89
20140606,1375.34,1439.97
20140609,1376.52,1441.28
20140610,1376.74,1441.53
20140611,1369.91,1434.46
20140612,1361.35,1425.94
20140613,1367.39,1432.28
20140616,1368.44,1433.39
20140617,1372.36,1437.54
20140618,1382.81,1448.48
20140619,1385.57,1451.69
20140620,1389.63,1455.95
20140623,1389.68,1456.01
20140624,1379.52,1445.37
20140625,1383.60,1449.68
20140626,1380.84,1447.18
20140627,1381.89,1448.41
20140630,1380.59,1447.07
20140701,1388.32,1455.57
20140702,1388.49,1455.88
20140703,1395.73,1463.49
20140707,1390.63,1458.14
20140708,1382.40,1450.24
20140709,1387.55,1455.69
20140710,1383.71,1451.66
20140711,1385.11,1453.26
20140714,1390.04,1458.44
20140715,1390.49,1458.91
20140716,1400.34,1469.49
20140717,1385.99,1454.68
20140718,1397.48,1466.75
20140721,1394.44,1463.63
20140722,1400.61,1470.11
20140723,1401.52,1471.07
20140724,1402.67,1472.30
20140725,1397.75,1467.18
20140728,1397.65,1467.08
20140729,1390.43,1459.55
20140730,1387.43,1456.78
20140731,1360.91,1429.04
20140801,1357.23,1425.18
20140804,1366.13,1434.52
20140805,1351.74,1419.61
20140806,1350.83,1419.39
20140807,1343.38,1411.63
20140808,1358.53,1427.57
20140811,1360.67,1430.27
20140812,1359.80,1429.40
20140813,1367.89,1438.38
20140814,1373.92,1444.76
20140815,1371.14,1442.14
20140818,1381.83,1453.52
20140819,1386.76,1459.13
20140820,1390.50,1463.09
20140821,1396.81,1469.77
20140822,1392.00,1465.03
20140825,1399.13,1472.55
20140826,1400.25,1473.74
20140827,1401.39,1475.28
20140828,1399.48,1473.42
20140829,1404.69,1478.92
20140902,1402.46,1476.59
20140903,1404.25,1478.89
20140904,1403.13,1477.73
20140905,1409.75,1484.72
20140908,1405.19,1480.29
20140909,1396.73,1471.42
20140910,1400.04,1475.01
20140911,1402.33,1477.86
20140912,1394.86,1470.00
20140915,1397.10,1472.37
20140916,1406.65,1482.47
20140917,1408.32,1484.25
20140918,1415.18,1491.81
20140919,1416.21,1492.91
20140922,1405.55,1481.67
20140923,1395.35,1470.94
20140924,1404.56,1480.66
20140925,1383.95,1458.94
20140926,1392.44,1468.31
20140929,1388.20,1463.98
20140930,1383.59,1459.26
20141001,1366.08,1440.95
20141002,1365.52,1440.58
20141003,1381.23,1457.18
20141006,1380.19,1456.08
20141007,1358.72,1433.44
20141008,1381.41,1458.14
20141009,1351.86,1427.08
20141010,1339.82,1414.51
20141013,1319.44,1393.00
20141014,1321.07,1394.72
20141015,1306.69,1379.60
20141016,1306.88,1379.86
20141017,1324.00,1397.93
20141020,1332.92,1407.40
20141021,1356.82,1432.68
20141022,1348.08,1423.71
20141023,1360.84,1437.19
20141024,1372.50,1449.53
20141027,1370.03,1446.94
20141028,1385.07,1462.82
20141029,1384.52,1462.40
20141030,1392.01,1470.43
20141031,1407.75,1487.06
20141103,1407.43,1486.72
20141104,1405.12,1484.31
20141105,1414.88,1495.47
20141106,1420.28,1501.48
20141107,1421.42,1503.15
20141110,1426.11,1508.13
20141111,1426.39,1508.43
20141112,1423.48,1505.88
20141113,1424.15,1506.72
20141114,1423.72,1506.57
20141117,1427.45,1510.66
20141118,1432.92,1516.89
20141119,1431.49,1515.41
20141120,1434.12,1518.30
20141121,1440.73,1525.63
20141124,1441.84,1526.83
20141125,1439.66,1524.76
20141126,1443.24,1528.71
20141128,1437.92,1523.14
20141201,1432.44,1517.34
20141202,1442.67,1528.22
20141203,1447.75,1534.16
20141204,1446.01,1532.33
20141205,1450.12,1536.69
20141208,1441.24,1527.64
20141209,1437.61,1523.82
20141210,1414.03,1498.90
20141211,1421.17,1506.79
20141212,1395.33,1479.40
20141215,1386.63,1470.25
20141216,1378.13,1461.23
20141217,1405.00,1489.75
20141218,1439.54,1526.73
20141219,1446.26,1533.87
20141222,1452.79,1540.95
20141223,1458.44,1547.03
20141224,1457.97,1546.54
20141226,1460.76,1549.51
20141229,1461.28,1550.48
20141230,1455.80,1544.93
20141231,1440.09,1528.27
20150102,1440.39,1528.95
20150105,1413.69,1500.64
20150106,1401.54,1487.73
20150107,1416.51,1504.34
20150108,1442.44,1531.93
20150109,1429.31,1518.00
20150112,1418.77,1506.81
20150113,1414.24,1502.15
20150114,1404.36,1491.68
20150115,1394.11,1480.86
20150116,1413.06,1501.00
20150120,1412.88,1500.88
20150121,1419.35,1508.03
20150122,1440.48,1530.47
20150123,1429.01,1518.29
20150126,1432.61,1522.13
20150127,1413.41,1501.74
20150128,1389.49,1476.49
20150129,1402.23,1490.04
20150130,1380.22,1466.70
20150202,1401.34,1489.20
20150203,1423.49,1512.76
20150204,1417.08,1506.76
20150205,1432.19,1522.91
20150206,1430.48,1521.76
20150209,1424.23,1515.14
20150210,1437.38,1529.16
20150211,1434.68,1526.89
20150212,1447.82,1541.52
20150213,1452.08,1546.24
20150217,1454.39,1549.08
20150218,1451.69,1546.28
20150219,1447.47,1542.13
20150220,1455.29,1550.80
20150223,1453.63,1549.03
20150224,1460.18,1556.08
20150225,1457.06,1553.03
20150226,1452.83,1548.75
20150227,1448.48,1544.14
20150302,1454.50,1550.58
20150303,1448.43,1544.12
20150304,1441.45,1537.10
20150305,1443.65,1539.56
20150306,1422.92,1517.76
20150309,1428.92,1524.34
20150310,1404.80,1498.66
20150311,1404.98,1499.14
20150312,1421.57,1517.24
20150313,1413.42,1508.58
20150316,1431.34,1527.72
20150317,1424.40,1520.33
20150318,1442.47,1539.62
20150319,1431.43,1527.84
20150320,1444.40,1541.69
20150323,1444.17,1541.44
20150324,1433.42,1529.96
20150325,1417.58,1513.10
20150326,1413.53,1508.85
20150327,1416.94,1512.94
20150330,1434.83,1532.15
20150331,1423.11,1519.84
20150401,1417.69,1514.36
20150402,1422.23,1519.22
20150406,1431.63,1529.26
20150407,1429.17,1526.64
20150408,1429.53,1527.88
20150409,1436.71,1535.57
20150410,1446.75,1546.30
20150413,1440.22,1539.43
20150414,1444.32,1543.81
20150415,1452.96,1553.04
20150416,1450.63,1550.62
20150417,1436.39,1535.39
20150420,1448.26,1548.11
20150421,1442.80,1542.28
20150422,1449.42,1549.43
20150423,1453.00,1553.52
20150424,1455.90,1556.62
20150427,1449.93,1550.25
20150428,1459.14,1560.20
20150429,1455.31,1556.24
20150430,1443.90,1544.14
20150501,1456.81,1557.95
20150504,1462.52,1564.06
20150505,1447.32,1548.03
20150506,1440.04,1541.24
20150507,1444.18,1545.83
20150508,1463.97,1567.01
20150511,1456.29,1559.32
20150512,1451.91,1554.67
20150513,1452.15,1555.36
20150514,1465.52,1569.90
20150515,1466.29,1571.03
20150518,1469.97,1575.13
20150519,1469.88,1575.51
20150520,1468.69,1574.42
20150521,1471.03,1577.30
20150522,1465.59,1571.47
20150526,1451.38,1556.27
20150527,1462.42,1568.44
20150528,1462.54,1568.84
20150529,1455.35,1561.20
20150601,1456.51,1562.48
20150602,1454.67,1560.53
20150603,1457.40,1563.86
20150604,1443.53,1549.01
20150605,1441.57,1546.95
20150608,1433.88,1539.12
20150609,1436.34,1541.81
20150610,1453.47,1560.28
20150611,1456.67,1564.22
20150612,1446.20,1553.02
20150615,1439.39,1545.73
20150616,1447.83,1554.83
20150617,1450.07,1557.23
20150618,1463.28,1571.76
20150619,1455.25,1563.14
20150622,1462.91,1571.36
20150623,1463.83,1572.35
20150624,1452.25,1559.94
20150625,1447.39,1554.81
20150626,1448.17,1556.10
20150629,1419.74,1525.65
20150630,1421.15,1527.26
20150701,1430.54,1537.84
20150702,1429.54,1536.78
20150706,1423.16,1529.93
20150707,1432.00,1539.43
20150708,1409.20,1515.69
20150709,1413.07,1519.87
20150710,1428.47,1536.42
20150713,1442.05,1551.14
20150714,1448.00,1557.55
20150715,1446.95,1556.42
20150716,1456.49,1566.76
20150717,1451.75,1561.66
20150720,1450.01,1559.82
20150721,1441.61,1550.84
20150722,1440.35,1549.76
20150723,1432.77,1541.79
20150724,1416.25,1524.02
20150727,1408.17,1515.33
20150728,1424.92,1533.37
20150729,1436.95,1546.49
20150730,1437.14,1546.88
20150731,1432.35,1541.76
20150803,1427.91,1536.98
20150804,1424.64,1533.50
20150805,1430.07,1540.32
20150806,1423.26,1533.27
20150807,1417.76,1527.37
20150810,1437.21,1548.38
20150811,1423.53,1534.13
20150812,1424.15,1535.32
20150813,1421.75,1532.88
20150814,1428.49,1540.15
20150817,1433.48,1546.07
20150818,1429.85,1542.57
20150819,1415.92,1527.55
20150820,1389.38,1498.92
20150821,1348.92,1455.68
20150824,1294.49,1396.98
20150825,1272.75,1373.53
20150826,1318.98,1423.60
20150827,1351.77,1459.16
20150828,1352.85,1460.50
20150831,1345.18,1452.28
20150901,1304.67,1408.56
20150902,1324.84,1430.73
20150903,1329.80,1436.15
20150904,1306.95,1411.57
20150908,1339.68,1447.22
20150909,1320.58,1426.73
20150910,1325.95,1432.73
20150911,1329.93,1437.49
20150914,1324.52,1431.69
20150915,1342.28,1450.91
20150916,1355.11,1464.78
20150917,1349.65,1459.28
20150918,1325.23,1432.90
20150921,1331.89,1440.10
20150922,1316.58,1423.55
20150923,1313.11,1419.90
20150924,1309.14,1415.60
20150925,1312.20,1418.92
20150928,1282.36,1387.11
20150929,1287.30,1392.53
20150930,1309.21,1416.37
20151001,1309.26,1416.60
20151002,1326.63,1435.65
20151005,1354.06,1465.36
20151006,1351.39,1462.48
20151007,1363.24,1476.21
20151008,1375.80,1489.81
20151009,1373.73,1487.58
20151012,1373.84,1487.70
20151013,1365.99,1479.32
20151014,1359.13,1471.89
20151015,1378.10,1492.57
20151016,1385.13,1500.18
20151019,1382.21,1497.01
20151020,1381.89,1496.74
20151021,1373.77,1488.23
20151022,1397.38,1513.88
20151023,1411.21,1528.87
20151026,1406.25,1523.51
20151027,1401.17,1518.02
20151028,1419.65,1538.24
20151029,1414.52,1532.81
20151030,1406.43,1524.04
20151102,1423.73,1542.79
20151103,1427.45,1546.85
20151104,1421.18,1540.98
20151105,1419.87,1539.65
20151106,1420.20,1540.26
20151109,1406.75,1526.17
20151110,1409.75,1530.03
20151111,1405.33,1525.23
20151112,1383.78,1502.07
20151113,1373.76,1491.20
20151116,1395.22,1514.97
20151117,1391.28,1511.20
20151118,1412.26,1534.02
20151119,1409.94,1531.60
20151120,1411.21,1533.38
20151123,1409.06,1531.13
20151124,1412.25,1534.67
20151125,1410.30,1532.73
20151127,1411.88,1534.61
20151130,1407.91,1530.34
20151201,1424.17,1548.06
20151202,1406.52,1529.50
20151203,1387.73,1509.14
20151204,1415.55,1539.40
20151207,1405.46,1528.53
20151208,1391.29,1513.33
20151209,1385.21,1506.78
20151210,1388.16,1510.06
20151211,1363.06,1483.07
20151214,1368.53,1489.04
20151215,1387.87,1510.12
20151216,1408.05,1532.19
20151217,1387.44,1510.12
20151218,1363.18,1483.71
20151221,1373.83,1495.37
20151222,1387.93,1510.96
20151223,1408.36,1533.23
20151224,1405.50,1530.12
20151228,1400.59,1524.78
20151229,1413.47,1539.29
20151230,1403.42,1528.53
20151231,1391.14,1515.15
20160104,1372.78,1495.60
20160105,1377.41,1500.65
20160106,1356.60,1478.87
20160107,1325.52,1445.05
20160108,1309.64,1427.75
20160111,1309.35,1427.43
20160112,1317.13,1435.92
20160113,1289.06,1405.41
20160114,1311.01,1429.38
20160115,1281.93,1397.74
20160119,1281.90,1397.71
20160120,1262.37,1376.79
20160121,1268.59,1383.58
20160122,1290.46,1407.43
20160125,1267.99,1382.95
20160126,1289.98,1406.93
20160127,1283.47,1399.99
20160128,1288.43,1405.49
20160129,1323.34,1443.62
20160201,1320.29,1440.37
20160202,1294.35,1412.09
20160203,1303.34,1422.77
20160204,1307.64,1427.52
20160205,1293.79,1412.47
20160208,1278.91,1396.46
20160209,1276.90,1394.76
20160210,1273.47,1391.56
20160211,1253.08,1369.61
20160212,1280.56,1399.86
20160216,1299.24,1421.03
20160217,1318.23,1441.93
20160218,1316.46,1440.02
20160219,1313.19,1436.82
20160222,1331.80,1457.18
20160223,1314.56,1438.42
20160224,1318.59,1442.94
20160225,1333.87,1460.17
20160226,1330.94,1457.12
20160229,1320.05,1445.32
20160301,1348.06,1476.00
20160302,1358.50,1487.91
20160303,1365.17,1495.31
20160304,1370.73,1501.41
20160307,1375.80,1507.07
20160308,1359.52,1489.52
20160309,1367.03,1498.15
20160310,1366.55,1497.68
20160311,1388.07,1521.76
20160314,1384.09,1517.40
20160315,1380.30,1513.30
20160316,1386.67,1520.34
20160317,1398.18,1532.98
20160318,1404.71,1540.15
20160321,1405.38,1540.89
20160322,1403.14,1538.48
20160323,1393.62,1528.04
20160324,1392.55,1526.87
20160328,1393.12,1527.49
20160329,1401.21,1536.90
20160330,1407.24,1543.69
20160331,1404.11,1540.25
20160401,1410.54,1547.32
20160404,1404.81,1541.55
20160405,1390.52,1525.86
20160406,1402.26,1539.67
20160407,1385.66,1521.51
20160408,1391.07,1527.45
20160411,1389.28,1525.49
20160412,1403.73,1541.37
20160413,1419.21,1558.47
20160414,1419.96,1559.58
20160415,1418.50,1557.98
20160418,1428.61,1569.10
20160419,1439.19,1580.72
20160420,1441.64,1583.52
20160421,1431.72,1572.69
20160422,1435.38,1576.71
20160425,1431.55,1572.50
20160426,1436.86,1578.34
20160427,1445.24,1587.74
20160428,1431.73,1573.00
20160429,1423.39,1563.87
20160502,1432.87,1574.29
20160503,1419.03,1559.11
20160504,1408.52,1548.17
20160505,1407.69,1547.36
20160506,1411.23,1551.55
20160509,1408.25,1548.30
20160510,1426.03,1567.87
20160511,1415.58,1557.76
20160512,1416.39,1558.79
20160513,1402.34,1543.34
20160516,1415.31,1557.84
20160517,1403.34,1545.54
20160518,1404.40,1546.96
20160519,1400.54,1542.73
20160520,1407.30,1550.62
20160523,1403.26,1546.21
20160524,1419.93,1564.61
20160525,1432.61,1578.68
20160526,1430.24,1576.36
20160527,1436.32,1583.38
20160531,1435.03,1581.97
20160601,1437.23,1584.83
20160602,1441.57,1589.68
20160603,1436.76,1584.38
20160606,1446.31,1594.97
20160607,1449.39,1598.40
20160608,1454.26,1604.23
20160609,1450.86,1600.55
20160610,1439.16,1587.68
20160613,1426.52,1574.17
20160614,1422.15,1569.42
20160615,1419.42,1566.52
20160616,1425.40,1573.52
20160617,1424.89,1572.96
20160620,1432.52,1581.42
20160621,1438.04,1587.51
20160622,1435.89,1585.16
20160623,1456.78,1608.24
20160624,1403.39,1549.30
20160627,1377.06,1520.23
20160628,1399.16,1545.19
20160629,1424.33,1573.21
20160630,1447.62,1598.93
20160701,1447.97,1599.67
20160705,1434.92,1585.46
20160706,1442.54,1594.74
20160707,1439.09,1591.01
20160708,1460.73,1614.93
20160711,1465.33,1620.02
20160712,1477.25,1633.21
20160713,1480.23,1636.57
20160714,1488.16,1645.39
20160715,1487.65,1644.83
20160718,1489.41,1646.84
20160719,1487.47,1644.78
20160720,1492.88,1651.07
20160721,1487.76,1645.45
20160722,1495.16,1653.64
20160725,1489.22,1647.09
20160726,1491.10,1649.27
20160727,1485.07,1642.71
20160728,1484.50,1642.24
20160729,1486.63,1644.62
20160801,1479.85,1637.13
20160802,1471.70,1628.13
20160803,1477.22,1635.13
20160804,1477.05,1635.17
20160805,1492.44,1652.21
20160808,1492.98,1653.08
20160809,1492.47,1652.58
20160810,1486.63,1647.14
20160811,1494.02,1655.68
20160812,1492.14,1653.66
20160815,1496.49,1658.64
20160816,1489.04,1650.89
20160817,1492.75,1655.50
20160818,1497.50,1660.82
20160819,1493.75,1657.09
20160822,1492.32,1655.54
20160823,1494.55,1658.03
20160824,1489.79,1652.79
20160825,1488.61,1651.53
20160826,1484.69,1647.24
20160829,1494.85,1658.69
20160830,1494.46,1658.45
20160831,1490.95,1655.04
20160901,1488.98,1652.84
20160902,1496.20,1660.98
20160906,1498.97,1664.09
20160907,1498.45,1664.10
20160908,1499.16,1664.92
20160909,1464.37,1626.32
20160912,1483.89,1648.04
20160913,1458.90,1620.77
20160914,1453.76,1615.10
20160915,1466.72,1629.91
20160916,1460.87,1623.42
20160919,1462.29,1625.04
20160920,1460.81,1623.44
20160921,1477.24,1641.72
20160922,1484.97,1650.35
20160923,1477.20,1641.71
20160926,1463.97,1627.02
20160927,1473.09,1637.18
20160928,1483.90,1649.78
20160929,1469.30,1633.62
20160930,1481.86,1647.59
20161003,1477.06,1642.52
20161004,1468.85,1633.67
20161005,1478.12,1645.02
20161006,1478.11,1645.06
20161007,1473.23,1639.65
20161010,1480.58,1647.83
20161011,1462.99,1628.27
20161012,1463.72,1629.15
20161013,1458.51,1623.45
20161014,1459.85,1624.94
20161017,1456.39,1621.09
20161018,1464.23,1629.81
20161019,1467.10,1633.31
20161020,1463.88,1629.87
20161021,1461.76,1627.52
20161024,1466.55,1632.86
20161025,1465.70,1632.02
20161026,1468.55,1635.19
20161027,1466.14,1632.63
20161028,1461.44,1627.51
20161031,1462.67,1628.88
20161101,1453.91,1619.15
20161102,1445.44,1610.04
20161103,1441.09,1605.66
20161104,1438.19,1602.43
20161107,1469.83,1637.72
20161108,1473.45,1643.14
20161109,1498.86,1671.54
20161110,1512.94,1687.51
20161111,1511.18,1685.54
20161114,1520.53,1696.19
20161115,1531.33,1708.80
20161116,1522.88,1700.02
20161117,1528.10,1706.00
20161118,1525.34,1703.40
20161121,1535.15,1714.36
20161122,1539.87,1719.73
20161123,1542.21,1722.41
20161125,1549.67,1730.79
20161128,1541.17,1721.45
20161129,1541.84,1722.42
20161130,1544.74,1726.22
20161201,1548.93,1730.98
20161202,1547.81,1729.73
20161205,1555.51,1738.55
20161206,1562.00,1745.87
20161207,1583.69,1770.58
20161208,1586.39,1773.63
20161209,1595.26,1783.56
20161212,1595.84,1784.31
20161213,1604.04,1793.81
20161214,1588.39,1776.37
20161215,1596.73,1785.77
20161216,1595.37,1784.27
20161219,1598.42,1787.74
20161220,1604.61,1794.77
20161221,1600.49,1790.16
20161222,1599.02,1788.93
20161223,1600.75,1790.95
20161227,1602.89,1793.36
20161228,1588.82,1778.10
20161229,1587.72,1776.97
20161230,1582.90,1771.63
20170103,1596.36,1786.73
20170104,1603.76,1795.59
20170105,1597.99,1789.13
20170106,1599.00,1791.23
20170109,1588.86,1779.89
20170110,1589.06,1780.13
20170111,1595.75,1787.70
20170112,1590.62,1782.00
20170113,1592.83,1784.48
20170117,1584.60,1775.26
20170118,1586.43,1777.82
20170119,1580.23,1770.88
20170120,1587.48,1779.09
20170123,1580.69,1771.50
20170124,1592.74,1785.00
20170125,1604.70,1798.42
20170126,1603.96,1797.64
20170127,1602.32,1795.89
20170130,1592.39,1784.83
20170131,1590.77,1783.03
20170201,1586.03,1778.44
20170202,1586.18,1778.78
20170203,1600.41,1794.99
20170206,1596.18,1790.25
20170207,1594.07,1787.94
20170208,1592.40,1786.98
20170209,1603.33,1799.34
20170210,1608.92,1805.71
20170213,1619.10,1817.69
20170214,1626.28,1826.70
20170215,1633.75,1835.35
20170216,1633.14,1834.87
20170217,1633.30,1835.11
20170221,1643.82,1846.92
20170222,1641.57,1844.57
20170223,1644.67,1848.41
20170224,1645.35,1849.80
20170227,1646.42,1851.19
20170228,1643.03,1847.45
20170301,1666.32,1874.13
20170302,1654.36,1860.85
20170303,1655.21,1861.81
20170306,1649.00,1854.88
20170307,1643.34,1848.54
20170308,1637.98,1843.28
20170309,1639.50,1844.99
20170310,1644.46,1850.63
20170313,1643.12,1849.66
20170314,1637.20,1843.00
20170315,1650.62,1858.14
20170316,1647.98,1855.22
20170317,1644.63,1851.45
20170320,1638.74,1844.91
20170321,1616.36,1819.76
20170322,1617.59,1821.17
20170323,1616.64,1820.14
20170324,1613.77,1816.90
20170327,1610.18,1812.86
20170328,1623.27,1827.59
20170329,1622.33,1827.14
20170330,1630.36,1836.28
20170331,1624.50,1829.68
20170403,1621.43,1826.25
20170404,1623.23,1828.82
20170405,1617.28,1822.22
20170406,1620.65,1826.99
20170407,1618.44,1824.50
20170410,1619.17,1825.43
20170411,1618.27,1824.52
20170412,1611.70,1817.16
20170413,1597.87,1801.56
20170417,1611.05,1816.44
20170418,1603.98,1808.56
20170419,1598.67,1802.98
20170420,1611.35,1817.35
20170421,1604.98,1810.17
20170424,1624.46,1832.14
20170425,1632.97,1841.74
20170426,1631.94,1840.64
20170427,1628.82,1837.37
20170428,1621.89,1829.58
20170501,1621.55,1829.20
20170502,1620.86,1828.43
20170503,1621.72,1830.05
20170504,1621.31,1829.73
20170505,1627.97,1837.26
20170508,1626.26,1835.63
20170509,1621.57,1830.38
20170510,1624.43,1834.82
20170511,1619.33,1829.46
20170512,1613.22,1822.61
20170515,1622.08,1832.80
20170516,1620.17,1831.19
20170517,1590.69,1798.63
20170518,1593.25,1801.53
20170519,1605.65,1815.62
20170522,1612.50,1823.40
20170523,1618.25,1829.92
20170524,1619.69,1831.63
20170525,1623.23,1836.11
20170526,1623.59,1836.76
20170530,1620.33,1833.34
20170531,1618.62,1831.85
20170601,1632.75,1848.03
20170602,1633.96,1849.40
20170605,1632.38,1847.66
20170606,1629.32,1844.22
20170607,1630.66,1846.24
20170608,1632.60,1848.46
20170609,1645.76,1863.37
20170612,1647.96,1866.02
20170613,1653.40,1872.63
20170614,1651.76,1870.82
20170615,1648.60,1867.77
20170616,1651.22,1870.74
20170619,1660.81,1881.63
20170620,1649.55,1868.91
20170621,1642.66,1861.13
20170622,1641.24,1859.56
20170623,1642.63,1861.13
20170626,1645.92,1864.89
20170627,1637.27,1855.10
20170628,1649.26,1869.29
20170629,1640.82,1859.82
20170630,1643.77,1863.21
20170703,1654.72,1875.94
20170705,1653.90,1875.39
20170706,1638.15,1858.52
20170707,1645.79,1867.20
20170710,1644.34,1865.54
20170711,1641.19,1862.03
20170712,1650.11,1872.24
20170713,1653.20,1875.80
20170714,1658.88,1882.25
20170717,1659.05,1882.50
20170718,1656.18,1879.31
20170719,1663.51,1887.94
20170720,1664.13,1888.89
20170721,1661.47,1885.87
20170724,1657.21,1881.03
20170725,1666.51,1891.59
20170726,1663.69,1888.40
20170727,1665.78,1891.07
20170728,1664.05,1889.19
20170731,1666.73,1892.25
20170801,1671.11,1897.24
20170802,1670.58,1897.29
20170803,1669.52,1896.71
20170804,1673.92,1901.72
20170807,1673.32,1901.11
20170808,1670.03,1897.69
20170809,1669.06,1896.92
20170810,1649.10,1874.82
20170811,1646.95,1872.58
20170814,1661.90,1889.75
20170815,1660.54,1888.83
20170816,1660.95,1890.03
20170817,1636.48,1862.31
20170818,1633.04,1858.46
20170821,1634.62,1860.34
20170822,1648.76,1876.48
20170823,1644.63,1871.91
20170824,1642.24,1869.25
20170825,1646.79,1874.81
20170828,1644.76,1872.65
20170829,1644.06,1872.06
20170830,1647.26,1876.40
20170831,1653.90,1884.02
20170901,1658.46,1889.30
20170905,1642.40,1871.01
20170906,1647.16,1876.44
20170907,1641.41,1870.47
20170908,1641.59,1870.80
20170911,1661.95,1894.01
20170912,1669.87,1903.14
20170913,1673.05,1906.80
20170914,1673.81,1908.17
20170915,1679.00,1914.50
20170918,1684.77,1921.12
20170919,1688.57,1925.49
20170920,1691.47,1928.85
20170921,1688.36,1925.37
20170922,1690.15,1927.47
20170925,1692.05,1929.64
20170926,1691.13,1928.60
20170927,1695.54,1933.63
20170928,1697.21,1936.06
20170929,1700.85,1940.28
20171002,1710.74,1951.57
20171003,1715.06,1956.53
20171004,1716.44,1958.35
20171005,1724.52,1968.02
20171006,1720.70,1964.70
20171009,1716.18,1959.55
20171010,1721.66,1965.85
20171011,1721.82,1966.09
20171012,1717.42,1961.19
20171013,1717.54,1961.38
20171016,1721.08,1965.49
20171017,1723.24,1967.95
20171018,1727.04,1972.30
20171019,1731.17,1977.31
20171020,1743.45,1991.53
20171023,1739.37,1986.95
20171024,1742.25,1990.25
20171025,1731.78,1978.29
20171026,1736.98,1984.23
20171027,1741.11,1988.96
20171030,1730.14,1976.61
20171031,1729.07,1975.46
20171101,1733.83,1980.91
20171102,1737.35,1985.31
20171103,1737.58,1985.91
20171106,1736.64,1985.09
20171107,1734.50,1982.67
20171108,1734.11,1982.24
20171109,1727.38,1975.34
20171110,1725.07,1973.32
20171113,1726.62,1975.15
20171114,1722.47,1970.88
20171115,1714.64,1962.58
20171116,1726.26,1976.77
20171117,1722.67,1972.79
20171120,1726.17,1976.87
20171121,1733.36,1985.13
20171122,1731.53,1983.15
20171124,1732.95,1984.93
20171127,1732.71,1985.05
20171128,1757.98,2014.15
20171129,1771.25,2029.54
20171130,1784.22,2045.28
20171201,1782.95,2043.88
20171204,1788.91,2050.78
20171205,1779.05,2039.51
20171206,1776.79,2036.94
20171207,1779.75,2040.90
20171208,1792.06,2055.11
20171211,1796.79,2060.55
20171212,1802.79,2067.52
20171213,1798.97,2063.15
20171214,1788.14,2051.10
20171215,1803.89,2069.31
20171218,1812.54,2079.26
20171219,1807.76,2073.81
20171220,1808.16,2074.43
20171221,1813.95,2081.07
20171222,1813.45,2080.51
20171226,1812.41,2079.49
20171227,1813.33,2080.58
20171228,1817.45,2085.84
20171229,1808.40,2075.59
20180102,1817.18,2085.73
20180103,1823.99,2093.55
20180104,1833.90,2105.56
20180105,1843.55,2116.63
20180108,1845.13,2118.46
20180109,1847.00,2121.75
20180110,1846.90,2121.67
20180111,1860.13,2136.94
20180112,1873.44,2152.24
20180116,1867.09,2145.00
20180117,1883.93,2164.35
20180118,1879.78,2159.90
20180119,1886.11,2167.26
20180122,1901.26,2184.67
20180123,1900.19,2183.53
20180124,1902.98,2186.74
20180125,1906.21,2190.47
20180126,1928.23,2215.82
20180129,1917.33,2203.45
20180130,1893.12,2175.74
20180131,1892.53,2175.14
20180201,1896.15,2180.08
20180202,1854.34,2132.24
20180205,1774.34,2040.25
20180206,1800.85,2071.01
20180207,1797.25,2066.91
20180208,1731.05,1991.21
20180209,1756.84,2021.52
20180212,1778.94,2047.03
20180213,1783.99,2052.93
20180214,1805.48,2078.61
20180215,1823.27,2099.77
20180216,1825.52,2102.56
20180220,1810.42,2085.42
20180221,1798.27,2071.47
20180222,1798.66,2072.14
20180223,1826.14,2103.97
20180226,1848.46,2130.17
20180227,1827.82,2106.79
20180228,1804.53,2080.19
20180301,1780.88,2053.44
20180302,1788.34,2062.32
20180305,1808.72,2085.86
20180306,1811.10,2088.66
20180307,1807.83,2084.93
20180308,1813.18,2091.82
20180309,1843.56,2126.94
20180312,1837.22,2119.63
20180313,1826.52,2107.43
20180314,1812.36,2091.58
20180315,1811.80,2091.06
20180316,1818.00,2098.32
20180319,1795.99,2072.93
20180320,1794.37,2071.11
20180321,1793.68,2070.37
20180322,1749.23,2019.10
20180323,1712.44,1976.67
20180326,1758.57,2029.92
20180327,1737.33,2005.41
20180328,1736.44,2004.90
20180329,1756.37,2028.05
20180402,1719.44,1985.42
20180403,1742.95,2012.59
20180404,1762.44,2035.36
20180405,1774.47,2049.65
20180406,1737.96,2007.47
20180409,1742.86,2014.17
20180410,1770.57,2046.25
20180411,1758.68,2032.52
20180412,1775.02,2051.57
20180413,1768.72,2044.36
20180416,1784.26,2062.41
20180417,1795.67,2075.60
20180418,1795.21,2075.07
20180419,1791.94,2071.69
20180420,1781.44,2059.73
20180423,1783.94,2062.62
20180424,1768.89,2045.23
20180425,1770.91,2047.55
20180426,1778.95,2056.86
20180427,1781.91,2060.52
20180430,1761.71,2037.26
20180501,1759.44,2034.65
20180502,1741.55,2013.96
20180503,1734.56,2006.28
20180504,1752.45,2027.51
20180507,1755.74,2031.38
20180508,1754.85,2030.35
20180509,1770.01,2048.25
20180510,1786.61,2068.11
20180511,1790.86,2073.73
20180514,1794.07,2077.55
20180515,1786.08,2068.45
20180516,1792.20,2076.44
20180517,1790.76,2075.54
20180518,1783.77,2067.61
20180521,1798.20,2084.42
20180522,1795.33,2081.14
20180523,1795.82,2081.75
20180524,1789.97,2075.05
20180525,1784.08,2068.64
20180529,1758.01,2038.58
20180530,1782.85,2067.75
20180531,1767.01,2050.08
20180601,1784.20,2070.20
20180604,1788.68,2075.48
20180605,1787.62,2074.32
20180606,1804.39,2093.80
20180607,1808.26,2098.80
20180608,1814.54,2106.15
20180611,1815.88,2107.71
20180612,1814.36,2106.04
20180613,1806.63,2097.15
20180614,1804.25,2095.15
20180615,1802.58,2093.59
20180618,1796.57,2086.61
20180619,1791.92,2081.30
20180620,1791.14,2080.40
20180621,1781.43,2069.17
20180622,1788.01,2076.90
20180625,1771.91,2058.20
20180626,1771.67,2057.93
20180627,1760.20,2044.60
20180628,1767.38,2053.31
20180629,1767.49,2053.63
20180702,1771.63,2058.47
20180703,1766.98,2053.06
20180705,1779.68,2068.52
20180706,1791.09,2081.79
20180709,1806.78,2101.13
20180710,1814.78,2110.48
20180711,1799.19,2092.36
20180712,1810.37,2105.49
20180713,1811.32,2106.59
20180716,1812.30,2107.81
20180717,1817.30,2113.62
20180718,1824.59,2122.10
20180719,1815.25,2111.63
20180720,1813.76,2110.05
20180723,1819.41,2116.63
20180724,1828.52,2127.33
20180725,1840.53,2141.34
20180726,1847.00,2148.89
20180727,1841.67,2142.70
20180730,1840.27,2141.29
20180731,1847.77,2150.09
20180801,1838.70,2139.55
20180802,1842.73,2144.65
20180803,1855.19,2159.59
20180806,1859.74,2165.26
20180807,1865.61,2172.10
20180808,1864.62,2170.98
20180809,1860.25,2166.74
20180810,1847.19,2152.11
20180813,1836.74,2140.00
20180814,1848.42,2153.83
20180815,1836.56,2140.67
20180816,1855.69,2163.90
20180817,1864.12,2173.92
20180820,1870.23,2181.17
20180821,1872.14,2183.49
20180822,1867.43,2178.05
20180823,1863.04,2172.99
20180824,1871.30,2182.67
20180827,1885.01,2199.11
20180828,1884.48,2198.50
20180829,1889.70,2204.73
20180830,1879.66,2193.48
20180831,1878.29,2192.02
20180904,1875.10,2188.54
20180905,1878.57,2192.65
20180906,1874.22,2188.62
20180907,1869.80,2183.66
20180910,1873.35,2187.81
20180911,1875.78,2190.81
20180912,1878.96,2194.53
20180913,1886.20,2203.66
20180914,1889.76,2208.34
20180917,1888.12,2206.45
20180918,1895.27,2214.89
20180919,1899.66,2220.03
20180920,1914.34,2237.33
20180921,1917.66,2241.28
20180924,1905.00,2226.48
20180925,1896.13,2216.11
20180926,1886.34,2204.68
20180927,1886.15,2204.93
20180928,1885.19,2203.97
20181001,1893.25,2213.43
20181002,1897.58,2218.48
20181003,1899.64,2220.89
20181004,1895.26,2216.63
20181005,1889.40,2209.78
20181008,1895.19,2216.55
20181009,1888.91,2210.37
20181010,1838.89,2151.83
20181011,1794.41,2099.80
20181012,1808.31,2116.21
20181015,1802.40,2109.39
20181016,1835.46,2148.17
20181017,1836.94,2149.90
20181018,1818.81,2128.99
20181019,1820.77,2131.37
20181022,1807.19,2115.57
20181023,1796.24,2102.87
20181024,1748.35,2046.80
20181025,1772.39,2074.95
20181026,1749.84,2048.56
20181029,1751.20,2050.21
20181030,1777.33,2080.99
20181031,1789.05,2094.78
20181101,1801.79,2109.79
20181102,1797.61,2105.19
20181105,1817.45,2128.49
20181106,1827.37,2140.42
20181107,1858.73,2177.18
20181108,1855.56,2174.66
20181109,1841.85,2158.68
20181112,1816.42,2128.88
20181113,1815.16,2128.06
20181114,1799.73,2110.83
20181115,1815.91,2130.75
20181116,1824.99,2141.61
20181119,1812.11,2126.57
20181120,1777.31,2085.93
20181121,1778.86,2087.86
20181123,1769.82,2077.44
20181126,1794.65,2107.01
20181127,1801.33,2114.88
20181128,1833.23,2152.34
20181129,1827.78,2146.73
20181130,1843.63,2165.70
20181203,1855.83,2180.04
20181204,1802.15,2117.04
20181206,1793.82,2108.37
20181207,1757.09,2065.42
20181210,1754.44,2062.33
20181211,1752.43,2060.09
20181212,1758.57,2067.35
20181213,1759.02,2068.19
20181214,1728.74,2032.95
20181217,1695.19,1993.60
20181218,1688.66,1985.95
20181219,1669.20,1963.10
20181220,1646.83,1936.87
20181221,1621.48,1907.06
20181224,1573.25,1850.47
20181226,1640.43,1929.49
20181227,1656.24,1948.17
20181228,1654.77,1946.97
20181231,1668.59,1963.51
20190102,1670.79,1966.09
20190103,1639.52,1930.14
20190104,1687.84,1987.03
20190107,1696.21,1996.87
20190108,1709.01,2011.97
20190109,1711.25,2015.79
20190110,1717.61,2023.29
20190111,1721.03,2027.31
20190114,1714.43,2019.67
20190115,1727.40,2035.04
20190116,1734.04,2042.93
20190117,1746.51,2057.97
20190118,1770.53,2086.36
20190122,1750.12,2062.33
20190123,1755.93,2069.17
20190124,1755.20,2068.43
20190125,1764.64,2079.61
20190128,1754.28,2067.40
20190129,1757.21,2070.87
20190130,1773.22,2090.03
20190131,1782.46,2101.72
20190201,1787.79,2108.53
20190204,1794.43,2116.41
20190205,1797.78,2120.38
20190206,1796.57,2119.27
20190207,1781.74,2102.10
20190208,1780.01,2100.82
20190211,1781.37,2102.44
20190212,1804.03,2129.40
20190213,1809.22,2135.65
20190214,1800.01,2125.92
20190215,1825.64,2156.49
20190219,1829.43,2161.27
20190220,1834.71,2167.92
20190221,1829.84,2162.43
20190222,1837.89,2171.99
20190225,1840.39,2175.37
20190226,1837.85,2172.38
20190227,1835.37,2169.94
20190228,1828.69,2162.87
20190301,1837.31,2173.23
20190304,1828.47,2162.88
20190305,1825.34,2159.24
20190306,1812.47,2144.20
20190307,1800.92,2131.16
20190308,1797.55,2127.43
20190311,1820.15,2154.23
20190312,1824.48,2159.46
20190313,1837.85,2175.29
20190314,1835.22,2173.23
20190315,1841.95,2181.34
20190318,1851.88,2193.10
20190319,1848.41,2189.14
20190320,1832.49,2170.28
20190321,1846.72,2187.28
20190322,1815.59,2150.72
20190325,1812.69,2147.28
20190326,1828.48,2166.00
20190327,1820.35,2156.37
20190328,1824.59,2162.01
20190329,1835.22,2174.77
20190401,1856.92,2200.51
20190402,1851.65,2194.27
20190403,1852.87,2195.71
20190404,1859.43,2204.37
20190405,1867.74,2214.23
20190408,1869.46,2216.27
20190409,1855.40,2200.89
20190410,1860.49,2207.05
20190411,1861.20,2207.93
20190412,1872.35,2221.28
20190415,1870.89,2219.62
20190416,1874.65,2224.08
20190417,1869.95,2218.85
20190418,1870.61,2219.72
20190422,1869.96,2219.07
20190423,1882.81,2234.43
20190424,1877.53,2228.17
20190425,1871.75,2221.31
20190426,1881.70,2233.19
20190429,1885.31,2237.69
20190430,1894.20,2248.35
20190501,1879.39,2230.80
20190502,1874.97,2225.72
20190503,1889.75,2243.54
20190506,1881.99,2234.68
20190507,1854.54,2202.13
20190508,1848.78,2195.32
20190509,1844.10,2191.03
20190510,1853.98,2203.59
20190513,1816.68,2159.39
20190514,1827.98,2173.17
20190515,1831.61,2177.61
20190516,1846.27,2196.06
20190517,1838.36,2186.97
20190520,1835.68,2183.81
20190521,1849.26,2200.00
20190522,1842.93,2192.51
20190523,1823.34,2169.44
20190524,1827.53,2175.03
20190528,1804.24,2147.33
20190529,1793.71,2134.88
20190530,1792.52,2133.84
20190531,1769.05,2106.31
20190603,1786.29,2126.87
20190604,1820.88,2168.22
20190605,1832.07,2181.79
20190606,1841.55,2194.16
20190607,1851.29,2206.06
20190610,1857.38,2213.31
20190611,1856.27,2212.10
20190612,1853.16,2208.42
20190613,1860.66,2218.31
20190614,1858.66,2216.48
20190617,1854.92,2212.02
20190618,1871.02,2231.33
20190619,1875.50,2236.68
20190620,1891.96,2256.39
20190621,1891.12,2255.45
20190624,1888.65,2252.50
20190625,1880.26,2242.50
20190626,1873.03,2233.88
20190627,1879.85,2242.62
20190628,1891.97,2257.26
20190701,1903.17,2270.64
20190702,1906.65,2274.80
20190703,1920.80,2292.60
20190705,1917.88,2289.41
20190708,1909.77,2279.73
20190709,1907.02,2277.72
20190710,1911.10,2282.59
20190711,1915.70,2288.10
20190712,1924.06,2298.36
20190715,1922.67,2296.70
20190716,1917.49,2290.60
20190717,1902.32,2272.48
20190718,1911.77,2284.20
20190719,1901.42,2271.99
20190722,1900.90,2271.48
20190723,1915.86,2289.35
20190724,1923.33,2298.44
20190725,1915.51,2289.11
20190726,1925.88,2301.57
20190729,1925.77,2301.46
20190730,1921.82,2297.04
20190731,1902.61,2274.16
20190801,1880.13,2247.70
20190802,1870.18,2236.20
20190805,1821.56,2178.19
20190806,1841.15,2201.92
20190807,1836.78,2196.74
20190808,1864.51,2230.76
20190809,1854.83,2219.22
20190812,1831.74,2192.31
20190813,1853.26,2218.22
20190814,1799.87,2154.81
20190815,1800.21,2155.72
20190816,1826.30,2187.51
20190819,1845.40,2210.63
20190820,1826.12,2187.78
20190821,1838.29,2202.48
20190822,1839.13,2203.56
20190823,1794.65,2150.28
20190826,1811.61,2171.10
20190827,1802.22,2159.87
20190828,1816.98,2177.68
20190829,1836.49,2201.55
20190830,1841.82,2208.12
20190903,1833.78,2198.75
20190904,1851.59,2220.21
20190905,1870.76,2244.19
20190906,1875.21,2249.64
20190909,1887.68,2264.89
20190910,1898.84,2278.39
20190911,1913.71,2296.39
20190912,1914.25,2297.40
20190913,1916.86,2301.72
20190916,1911.25,2295.06
20190917,1911.04,2294.89
20190918,1911.06,2294.93
20190919,1909.43,2293.15
20190920,1906.50,2289.64
20190923,1906.57,2289.72
20190924,1893.37,2274.18
20190925,1900.63,2282.90
20190926,1894.83,2276.08
20190927,1893.97,2275.63
20190930,1899.72,2282.72
20191001,1872.76,2250.35
20191002,1838.68,2209.39
20191003,1848.19,2221.79
20191004,1873.90,2252.70
20191007,1865.31,2242.37
20191008,1835.33,2206.39
20191009,1848.43,2223.46
20191010,1860.95,2238.56
20191011,1880.39,2262.34
20191014,1876.91,2258.15
20191015,1894.69,2279.54
20191016,1892.51,2277.08
20191017,1898.58,2284.72
20191018,1897.38,2283.38
20191021,1910.22,2298.94
20191022,1916.79,2306.85
20191023,1921.41,2312.57
20191024,1915.71,2305.72
20191025,1924.04,2315.81
20191028,1931.34,2324.59
20191029,1936.30,2330.59
20191030,1939.61,2334.79
20191031,1931.80,2325.56
20191101,1951.98,2350.16
20191104,1962.60,2363.00
20191105,1963.81,2364.48
20191106,1966.93,2368.55
20191107,1974.42,2378.76
20191108,1980.45,2386.79
20191111,1973.19,2378.05
20191112,1973.37,2378.38
20191113,1972.17,2377.03
20191114,1969.09,2374.21
20191115,1984.50,2393.48
20191118,1984.63,2393.69
20191119,1980.70,2389.18
20191120,1974.63,2381.95
20191121,1975.65,2383.40
20191122,1983.15,2392.47
20191125,1994.12,2406.23
20191126,1995.54,2407.98
20191127,1999.86,2413.61
20191129,1992.46,2405.34
20191202,1981.08,2391.66
20191203,1965.17,2372.61
20191204,1979.74,2390.42
20191205,1982.31,2394.70
20191206,1999.02,2415.09
20191209,1993.53,2408.79
20191210,1992.29,2407.43
20191211,1996.33,2412.36
20191212,2019.11,2440.19
20191213,2012.54,2432.93
20191216,2026.24,2449.60
20191217,2028.48,2452.34
20191218,2025.82,2449.46
20191219,2031.05,2455.94
20191220,2042.16,2469.39
20191223,2042.74,2470.09
20191224,2041.42,2468.83
20191226,2046.40,2474.98
20191227,2046.23,2474.85
20191230,2036.16,2463.22
20191231,2042.47,2471.11
20200102,2050.79,2481.67
20200103,2035.21,2463.29
20200106,2037.49,2466.05
20200107,2029.00,2455.85
20200108,2034.10,2462.11
20200109,2042.17,2473.11
20200110,2035.03,2464.48
20200113,2043.36,2474.58
20200114,2046.24,2478.50
20200115,2048.57,2481.33
20200116,2062.33,2498.12
20200117,2066.03,2502.71
20200121,2056.58,2491.27
20200122,2058.23,2493.38
20200123,2057.21,2492.49
20200124,2038.19,2469.50
20200127,2009.99,2435.33
20200128,2023.09,2451.24
20200129,2014.69,2441.18
20200130,2023.49,2452.39
20200131,1987.15,2408.67
20200203,1993.80,2416.79
20200204,2016.76,2444.64
20200205,2052.16,2487.56
20200206,2052.21,2488.39
20200207,2040.39,2474.44
20200210,2046.25,2482.25
20200211,2054.09,2491.96
20200212,2062.28,2501.99
20200213,2055.61,2495.01
20200214,2053.00,2492.63
20200218,2041.83,2479.34
20200219,2047.59,2486.50
20200220,2045.63,2484.27
20200221,2037.08,2474.02
20200224,1974.68,2398.70
20200225,1912.33,2322.97
20200226,1895.84,2302.93
20200227,1816.20,2206.89
20200228,1787.22,2172.00
20200302,1864.97,2266.59
20200303,1814.75,2205.65
20200304,1892.99,2300.97
20200305,1829.48,2224.62
20200306,1800.19,2189.14
20200309,1656.95,2015.33
20200310,1727.27,2100.98
20200311,1639.73,1994.50
20200312,1476.03,1795.88
20200313,1612.00,1962.26
20200316,1430.48,1741.35
20200317,1520.15,1850.62
20200318,1430.82,1741.90
20200319,1424.00,1733.85
20200320,1358.60,1654.58
20200323,1298.48,1581.36
20200324,1424.11,1734.67
20200325,1452.77,1769.57
20200326,1550.17,1888.34
20200327,1502.53,1830.32
20200330,1550.10,1888.83
20200331,1520.63,1853.11
20200401,1454.42,1772.44
20200402,1493.06,1820.04
20200403,1469.06,1791.27
20200406,1559.79,1901.93
20200407,1563.08,1905.93
20200408,1624.42,1981.64
20200409,1658.77,2024.02
20200413,1628.07,1986.56
20200414,1664.51,2031.46
20200415,1617.59,1974.30
20200416,1616.60,1973.10
20200417,1674.14,2043.43
20200420,1640.63,2002.53
20200421,1595.55,1947.53
20200422,1620.20,1977.73
20200423,1621.70,1979.91
20200424,1641.89,2004.57
20200427,1676.05,2046.33
20200428,1682.06,2053.69
20200429,1715.23,2094.34
20200430,1680.36,2051.81
20200501,1631.23,1992.16
20200504,1627.79,1987.96
20200505,1636.81,1998.98
20200506,1610.76,1967.50
20200507,1622.72,1983.46
20200508,1659.65,2028.78
20200511,1648.59,2015.31
20200512,1614.90,1974.83
20200513,1579.06,1931.17
20200514,1603.27,1961.59
20200515,1601.71,1960.11
20200518,1664.51,2037.46
20200519,1636.12,2003.04
20200520,1660.99,2033.55
20200521,1650.08,2020.44
20200522,1649.69,2020.55
20200526,1690.36,2070.42
20200527,1729.84,2118.78
20200528,1719.81,2106.84
20200529,1721.64,2109.46
20200601,1724.85,2113.57
20200602,1741.86,2134.47
20200603,1775.83,2176.27
20200604,1783.74,2186.91
20200605,1835.42,2250.32
20200608,1867.97,2290.26
20200609,1833.02,2247.75
20200610,1798.36,2205.27
20200611,1680.48,2061.03
20200612,1706.11,2093.56
20200615,1718.84,2109.22
20200616,1751.13,2148.89
20200617,1732.99,2126.63
20200618,1733.19,2126.93
20200619,1719.79,2111.11
20200622,1717.74,2108.59
20200623,1719.57,2110.85
20200624,1670.79,2050.97
20200625,1689.82,2074.52
20200626,1652.50,2028.76
20200629,1680.03,2063.06
20200630,1701.00,2089.07
20200701,1697.91,2085.42
20200702,1705.48,2095.56
20200706,1722.77,2116.81
20200707,1701.10,2090.21
20200708,1705.67,2095.82
20200709,1676.34,2061.04
20200710,1707.42,2099.27
20200713,1711.64,2104.45
20200714,1737.48,2136.83
20200715,1760.32,2164.92
20200716,1762.77,2168.02
20200717,1767.04,2173.44
20200720,1752.57,2155.65
20200721,1772.42,2180.07
20200722,1782.09,2192.08
20200723,1780.46,2190.43
20200724,1763.14,2169.17
20200727,1763.95,2170.17
20200728,1762.71,2168.69
20200729,1781.23,2191.48
20200730,1764.48,2171.42
20200731,1758.25,2164.15
20200803,1763.86,2171.20
20200804,1771.99,2181.20
20200805,1784.56,2196.67
20200806,1783.95,2196.38
20200807,1803.76,2221.20
20200810,1821.10,2242.60
20200811,1819.88,2241.13
20200812,1833.65,2258.78
20200813,1818.87,2241.69
20200814,1822.33,2246.28
20200817,1816.64,2239.38
20200818,1810.09,2232.07
20200819,1804.04,2224.67
20200820,1794.99,2213.62
20200821,1795.94,2215.01
20200824,1820.94,2246.41
20200825,1819.15,2244.21
20200826,1814.55,2238.54
20200827,1828.82,2256.43
20200828,1842.53,2273.67
20200831,1828.03,2256.10
20200901,1826.27,2254.01
20200902,1859.08,2294.63
20200903,1823.76,2251.99
20200904,1824.42,2252.80
20200908,1791.77,2212.63
20200909,1812.80,2238.86
20200910,1786.26,2206.20
20200911,1798.10,2221.05
20200914,1818.95,2248.01
20200915,1815.57,2243.90
20200916,1825.46,2256.23
20200917,1818.38,2247.55
20200918,1805.76,2232.02
20200921,1765.67,2182.48
20200922,1767.49,2184.75
20200923,1732.95,2142.38
20200924,1736.27,2146.69
20200925,1755.13,2170.05
20200928,1781.55,2202.72
20200929,1767.46,2185.89
20200930,1784.01,2206.52
